<?xml version="1.0" encoding="utf-8" standalone="yes"?>
<rss version="2.0" xmlns:atom="http://www.w3.org/2005/Atom">
  <channel>
    <title>Categories on GroupDocs.app Pricing</title>
    <link>https://purchase.groupdocs.app/pt/categories/</link>
    <description>Recent content in Categories on GroupDocs.app Pricing</description>
    <generator>Hugo -- gohugo.io</generator>
    <language>pt</language><atom:link href="https://purchase.groupdocs.app/pt/categories/index.xml" rel="self" type="application/rss+xml" />
  </channel>
</rss>
